{"response":{"header":{"resultCode":"00","resultMsg":"NORMAL SERVICE."},"body":{"items":{"item":[{"LContents":"<p>핸드폰고리(액정크리너 겸용2)<\/p>\r\n","LSubject":"핸드폰고리","MType":"0008","PSn":"0000000020"},{"LContents":"<p>포스트잇(편지)<\/p>\r\n","LSubject":"포스트잇","MType":"0008","PSn":"0000000021"},{"LContents":"<p>포스트잇(파도와 물고기)<\/p>\r\n","LSubject":"포스트잇","MType":"0008","PSn":"0000000022"},{"LContents":"<p>흰소<\/p>\r\n","LSubject":"흰소","MType":"0008","PSn":"0000000063"},{"LContents":"<p>흰소<\/p>\r\n","LSubject":"흰소","MType":"0008","PSn":"0000000064"},{"LContents":"<p>흰소<\/p>\r\n","LSubject":"흰소","MType":"0008","PSn":"0000000065"},{"LContents":"<p>흰소<\/p>\r\n","LSubject":"흰소","MType":"0008","PSn":"0000000066"},{"LContents":"<p>흰소<\/p>\r\n","LSubject":"흰소","MType":"0008","PSn":"0000000067"},{"LContents":"<p>흰소<\/p>\r\n","LSubject":"흰소","MType":"0008","PSn":"0000000068"},{"LContents":"<p>흰소<\/p>\r\n","LSubject":"흰소","MType":"0008","PSn":"0000000069"}]},"numOfRows":10,"pageNo":1,"totalCount":73}}}