{"data":{"resultCode":"OK","resultMsg":"성공","count":7,"page":1,"rowNum":10,"list":[{"disYear":"2018","disMonth":"05","disDay":1,"disDayCount":4,"disQuantity":8156667214,"dayAverQuantity":2039166803,"disCount":4514509,"dayAverCount":1128627},{"disYear":"2018","disMonth":"05","disDay":2,"disDayCount":4,"disQuantity":9154016763,"dayAverQuantity":2288504190,"disCount":4599341,"dayAverCount":1149835},{"disYear":"2018","disMonth":"05","disDay":3,"disDayCount":5,"disQuantity":9688740718,"dayAverQuantity":1937748143,"disCount":5247465,"dayAverCount":1049493},{"disYear":"2018","disMonth":"05","disDay":4,"disDayCount":5,"disQuantity":9421740981,"dayAverQuantity":1884348196,"disCount":5134153,"dayAverCount":1026830},{"disYear":"2018","disMonth":"05","disDay":5,"disDayCount":5,"disQuantity":9131410744,"dayAverQuantity":1826282148,"disCount":5157832,"dayAverCount":1031566},{"disYear":"2018","disMonth":"05","disDay":6,"disDayCount":4,"disQuantity":7456214723,"dayAverQuantity":1864053680,"disCount":4103287,"dayAverCount":1025821},{"disYear":"2018","disMonth":"05","disDay":7,"disDayCount":4,"disQuantity":7044743720,"dayAverQuantity":1761185930,"disCount":3842642,"dayAverCount":960660}]}}