{"list":[{"_returnType":"json","coGrade":"1","coValue":"0.6","dataTerm":"","dataTime":"2018-07-05 09:00","khaiGrade":"2","khaiValue":"61","mangName":"도시대기","no2Grade":"2","no2Value":"0.034","numOfRows":"10","o3Grade":"1","o3Value":"0.007","pageNo":"1","pm10Grade":"1","pm10Grade1h":"2","pm10Value":"36","pm10Value24":"28","pm25Grade":"2","pm25Grade1h":"2","pm25Value":"27","pm25Value24":"20","resultCode":"","resultMsg":"","rnum":0,"serviceKey":"","sidoName":"","so2Grade":"1","so2Value":"0.003","stationCode":"","stationName":"중구","totalCount":"","ver":""},{"_returnType":"json","coGrade":"1","coValue":"0.5","dataTerm":"","dataTime":"2018-07-05 09:00","khaiGrade":"2","khaiValue":"71","mangName":"도로변대기","no2Grade":"2","no2Value":"0.043","numOfRows":"10","o3Grade":"1","o3Value":"0.006","pageNo":"1","pm10Grade":"2","pm10Grade1h":"2","pm10Value":"52","pm10Value24":"42","pm25Grade":"2","pm25Grade1h":"2","pm25Value":"26","pm25Value24":"22","resultCode":"","resultMsg":"","rnum":0,"serviceKey":"","sidoName":"","so2Grade":"1","so2Value":"0.004","stationCode":"","stationName":"한강대로","totalCount":"","ver":""},{"_returnType":"json","coGrade":"1","coValue":"0.5","dataTerm":"","dataTime":"2018-07-05 09:00","khaiGrade":"2","khaiValue":"64","mangName":"도시대기","no2Grade":"1","no2Value":"0.028","numOfRows":"10","o3Grade":"1","o3Value":"0.012","pageNo":"1","pm10Grade":"1","pm10Grade1h":"1","pm10Value":"26","pm10Value24":"23","pm25Grade":"2","pm25Grade1h":"2","pm25Value":"24","pm25Value24":"21","resultCode":"","resultMsg":"","rnum":0,"serviceKey":"","sidoName":"","so2Grade":"1","so2Value":"0.003","stationCode":"","stationName":"종로구","totalCount":"","ver":""},{"_returnType":"json","coGrade":"1","coValue":"0.7","dataTerm":"","dataTime":"2018-07-05 09:00","khaiGrade":"2","khaiValue":"72","mangName":"도로변대기","no2Grade":"1","no2Value":"0.027","numOfRows":"10","o3Grade":"1","o3Value":"0.010","pageNo":"1","pm10Grade":"2","pm10Grade1h":"2","pm10Value":"53","pm10Value24":"42","pm25Grade":"2","pm25Grade1h":"2","pm25Value":"23","pm25Value24":"24","resultCode":"","resultMsg":"","rnum":0,"serviceKey":"","sidoName":"","so2Grade":"1","so2Value":"0.007","stationCode":"","stationName":"청계천로","totalCount":"","ver":""},{"_returnType":"json","coGrade":"1","coValue":"0.6","dataTerm":"","dataTime":"2018-07-05 09:00","khaiGrade":"2","khaiValue":"66","mangName":"도로변대기","no2Grade":"2","no2Value":"0.040","numOfRows":"10","o3Grade":"1","o3Value":"0.006","pageNo":"1","pm10Grade":"1","pm10Grade1h":"2","pm10Value":"37","pm10Value24":"26","pm25Grade":"2","pm25Grade1h":"2","pm25Value":"29","pm25Value24":"20","resultCode":"","resultMsg":"","rnum":0,"serviceKey":"","sidoName":"","so2Grade":"1","so2Value":"0.003","stationCode":"","stationName":"종로","totalCount":"","ver":""},{"_returnType":"json","coGrade":"1","coValue":"0.4","dataTerm":"","dataTime":"2018-07-05 09:00","khaiGrade":"2","khaiValue":"66","mangName":"도시대기","no2Grade":"1","no2Value":"0.027","numOfRows":"10","o3Grade":"1","o3Value":"0.010","pageNo":"1","pm10Grade":"1","pm10Grade1h":"1","pm10Value":"28","pm10Value24":"27","pm25Grade":"2","pm25Grade1h":"2","pm25Value":"25","pm25Value24":"22","resultCode":"","resultMsg":"","rnum":0,"serviceKey":"","sidoName":"","so2Grade":"1","so2Value":"0.003","stationCode":"","stationName":"용산구","totalCount":"","ver":""},{"_returnType":"json","coGrade":"1","coValue":"0.7","dataTerm":"","dataTime":"2018-07-05 09:00","khaiGrade":"2","khaiValue":"61","mangName":"도시대기","no2Grade":"1","no2Value":"0.019","numOfRows":"10","o3Grade":"1","o3Value":"0.008","pageNo":"1","pm10Grade":"1","pm10Grade1h":"1","pm10Value":"23","pm10Value24":"27","pm25Grade":"2","pm25Grade1h":"2","pm25Value":"21","pm25Value24":"20","resultCode":"","resultMsg":"","rnum":0,"serviceKey":"","sidoName":"","so2Grade":"1","so2Value":"0.005","stationCode":"","stationName":"광진구","totalCount":"","ver":""},{"_returnType":"json","coGrade":"1","coValue":"0.4","dataTerm":"","dataTime":"2018-07-05 09:00","khaiGrade":"2","khaiValue":"51","mangName":"도시대기","no2Grade":"1","no2Value":"0.013","numOfRows":"10","o3Grade":"1","o3Value":"0.008","pageNo":"1","pm10Grade":"1","pm10Grade1h":"1","pm10Value":"17","pm10Value24":"23","pm25Grade":"2","pm25Grade1h":"1","pm25Value":"12","pm25Value24":"16","resultCode":"","resultMsg":"","rnum":0,"serviceKey":"","sidoName":"","so2Grade":"1","so2Value":"0.006","stationCode":"","stationName":"성동구","totalCount":"","ver":""},{"_returnType":"json","coGrade":"1","coValue":"0.6","dataTerm":"","dataTime":"2018-07-05 09:00","khaiGrade":"2","khaiValue":"72","mangName":"도로변대기","no2Grade":"2","no2Value":"0.041","numOfRows":"10","o3Grade":"1","o3Value":"0.007","pageNo":"1","pm10Grade":"2","pm10Grade1h":"2","pm10Value":"43","pm10Value24":"38","pm25Grade":"2","pm25Grade1h":"2","pm25Value":"33","pm25Value24":"24","resultCode":"","resultMsg":"","rnum":0,"serviceKey":"","sidoName":"","so2Grade":"1","so2Value":"0.002","stationCode":"","stationName":"강변북로","totalCount":"","ver":""},{"_returnType":"json","coGrade":"1","coValue":"0.8","dataTerm":"","dataTime":"2018-07-05 09:00","khaiGrade":"2","khaiValue":"51","mangName":"도시대기","no2Grade":"1","no2Value":"0.017","numOfRows":"10","o3Grade":"1","o3Value":"0.015","pageNo":"1","pm10Grade":"1","pm10Grade1h":"","pm10Value":"-","pm10Value24":"21","pm25Grade":"2","pm25Grade1h":"2","pm25Value":"19","pm25Value24":"16","resultCode":"","resultMsg":"","rnum":0,"serviceKey":"","sidoName":"","so2Grade":"1","so2Value":"0.005","stationCode":"","stationName":"중랑구","totalCount":"","ver":""}],"parm":{"_returnType":"json","coGrade":"","coValue":"","dataTerm":"","dataTime":"","khaiGrade":"","khaiValue":"","mangName":"","no2Grade":"","no2Value":"","numOfRows":"10","o3Grade":"","o3Value":"","pageNo":"1","pm10Grade":"","pm10Grade1h":"","pm10Value":"","pm10Value24":"","pm25Grade":"","pm25Grade1h":"","pm25Value":"","pm25Value24":"","resultCode":"","resultMsg":"","rnum":0,"serviceKey":"IRQXxLsPnSjL0QMQtCNavq9YiuyyOFe1Bs8NsgESLaP6O+d4qHufr1JnpK/vmupHoBuMVqM6Pd2ZpmEzuXcWIg==","sidoName":"서울","so2Grade":"","so2Value":"","stationCode":"","stationName":"","totalCount":"","ver":"1.3"},"ArpltnInforInqireSvcVo":{"_returnType":"json","coGrade":"","coValue":"","dataTerm":"","dataTime":"","khaiGrade":"","khaiValue":"","mangName":"","no2Grade":"","no2Value":"","numOfRows":"10","o3Grade":"","o3Value":"","pageNo":"1","pm10Grade":"","pm10Grade1h":"","pm10Value":"","pm10Value24":"","pm25Grade":"","pm25Grade1h":"","pm25Value":"","pm25Value24":"","resultCode":"","resultMsg":"","rnum":0,"serviceKey":"IRQXxLsPnSjL0QMQtCNavq9YiuyyOFe1Bs8NsgESLaP6O+d4qHufr1JnpK/vmupHoBuMVqM6Pd2ZpmEzuXcWIg==","sidoName":"서울","so2Grade":"","so2Value":"","stationCode":"","stationName":"","totalCount":"","ver":"1.3"},"totalCount":39}