{"response":{"header":{"resultCode":"0000","resultMsg":"OK"},"body":{"items":{"item":[{"baseDate":20180704,"baseTime":2300,"category":"POP","fcstDate":20180705,"fcstTime":"0300","fcstValue":20,"nx":59,"ny":124},{"baseDate":20180704,"baseTime":2300,"category":"PTY","fcstDate":20180705,"fcstTime":"0300","fcstValue":0,"nx":59,"ny":124},{"baseDate":20180704,"baseTime":2300,"category":"REH","fcstDate":20180705,"fcstTime":"0300","fcstValue":90,"nx":59,"ny":124},{"baseDate":20180704,"baseTime":2300,"category":"SKY","fcstDate":20180705,"fcstTime":"0300","fcstValue":3,"nx":59,"ny":124},{"baseDate":20180704,"baseTime":2300,"category":"T3H","fcstDate":20180705,"fcstTime":"0300","fcstValue":22,"nx":59,"ny":124},{"baseDate":20180704,"baseTime":2300,"category":"UUU","fcstDate":20180705,"fcstTime":"0300","fcstValue":0,"nx":59,"ny":124},{"baseDate":20180704,"baseTime":2300,"category":"VEC","fcstDate":20180705,"fcstTime":"0300","fcstValue":174,"nx":59,"ny":124},{"baseDate":20180704,"baseTime":2300,"category":"VVV","fcstDate":20180705,"fcstTime":"0300","fcstValue":0.9,"nx":59,"ny":124},{"baseDate":20180704,"baseTime":2300,"category":"WSD","fcstDate":20180705,"fcstTime":"0300","fcstValue":0.9,"nx":59,"ny":124},{"baseDate":20180704,"baseTime":2300,"category":"POP","fcstDate":20180705,"fcstTime":"0600","fcstValue":20,"nx":59,"ny":124}]},"numOfRows":10,"pageNo":1,"totalCount":164}}}