{"list":[{"_returnType":"json","coGrade":"1","coValue":"0.4","dataTerm":"","dataTime":"2018-07-05 15:00","khaiGrade":"2","khaiValue":"54","mangName":"도시대기","no2Grade":"1","no2Value":"0.024","numOfRows":"10","o3Grade":"1","o3Value":"0.028","pageNo":"1","pm10Grade":"1","pm10Grade1h":"1","pm10Value":"25","pm10Value24":"22","pm25Grade":"2","pm25Grade1h":"2","pm25Value":"22","pm25Value24":"17","resultCode":"","resultMsg":"","rnum":0,"serviceKey":"","sidoName":"","so2Grade":"1","so2Value":"0.003","stationCode":"","stationName":"중구","totalCount":"","ver":""},{"_returnType":"json","coGrade":"1","coValue":"0.4","dataTerm":"","dataTime":"2018-07-05 15:00","khaiGrade":"2","khaiValue":"58","mangName":"도로변대기","no2Grade":"2","no2Value":"0.034","numOfRows":"10","o3Grade":"1","o3Value":"0.027","pageNo":"1","pm10Grade":"2","pm10Grade1h":"2","pm10Value":"36","pm10Value24":"38","pm25Grade":"2","pm25Grade1h":"2","pm25Value":"23","pm25Value24":"21","resultCode":"","resultMsg":"","rnum":0,"serviceKey":"","sidoName":"","so2Grade":"1","so2Value":"0.005","stationCode":"","stationName":"한강대로","totalCount":"","ver":""},{"_returnType":"json","coGrade":"1","coValue":"0.4","dataTerm":"","dataTime":"2018-07-05 15:00","khaiGrade":"","khaiValue":"-","mangName":"도시대기","no2Grade":"1","no2Value":"0.020","numOfRows":"10","o3Grade":"1","o3Value":"0.023","pageNo":"1","pm10Grade":"","pm10Grade1h":"1","pm10Value":"22","pm10Value24":"-","pm25Grade":"2","pm25Grade1h":"2","pm25Value":"17","pm25Value24":"17","resultCode":"","resultMsg":"","rnum":0,"serviceKey":"","sidoName":"","so2Grade":"1","so2Value":"0.003","stationCode":"","stationName":"종로구","totalCount":"","ver":""},{"_returnType":"json","coGrade":"1","coValue":"0.7","dataTerm":"","dataTime":"2018-07-05 15:00","khaiGrade":"2","khaiValue":"66","mangName":"도로변대기","no2Grade":"1","no2Value":"0.030","numOfRows":"10","o3Grade":"1","o3Value":"0.014","pageNo":"1","pm10Grade":"2","pm10Grade1h":"2","pm10Value":"36","pm10Value24":"31","pm25Grade":"2","pm25Grade1h":"2","pm25Value":"25","pm25Value24":"22","resultCode":"","resultMsg":"","rnum":0,"serviceKey":"","sidoName":"","so2Grade":"1","so2Value":"0.007","stationCode":"","stationName":"청계천로","totalCount":"","ver":""},{"_returnType":"json","coGrade":"1","coValue":"0.4","dataTerm":"","dataTime":"2018-07-05 15:00","khaiGrade":"2","khaiValue":"51","mangName":"도로변대기","no2Grade":"1","no2Value":"0.027","numOfRows":"10","o3Grade":"1","o3Value":"0.018","pageNo":"1","pm10Grade":"1","pm10Grade1h":"1","pm10Value":"24","pm10Value24":"21","pm25Grade":"2","pm25Grade1h":"2","pm25Value":"19","pm25Value24":"16","resultCode":"","resultMsg":"","rnum":0,"serviceKey":"","sidoName":"","so2Grade":"1","so2Value":"0.003","stationCode":"","stationName":"종로","totalCount":"","ver":""},{"_returnType":"json","coGrade":"1","coValue":"0.4","dataTerm":"","dataTime":"2018-07-05 15:00","khaiGrade":"1","khaiValue":"47","mangName":"도시대기","no2Grade":"1","no2Value":"0.023","numOfRows":"10","o3Grade":"1","o3Value":"0.022","pageNo":"1","pm10Grade":"1","pm10Grade1h":"1","pm10Value":"23","pm10Value24":"18","pm25Grade":"1","pm25Grade1h":"1","pm25Value":"15","pm25Value24":"14","resultCode":"","resultMsg":"","rnum":0,"serviceKey":"","sidoName":"","so2Grade":"1","so2Value":"0.002","stationCode":"","stationName":"용산구","totalCount":"","ver":""},{"_returnType":"json","coGrade":"1","coValue":"0.5","dataTerm":"","dataTime":"2018-07-05 15:00","khaiGrade":"2","khaiValue":"54","mangName":"도시대기","no2Grade":"1","no2Value":"0.016","numOfRows":"10","o3Grade":"1","o3Value":"0.022","pageNo":"1","pm10Grade":"1","pm10Grade1h":"1","pm10Value":"22","pm10Value24":"20","pm25Grade":"2","pm25Grade1h":"2","pm25Value":"16","pm25Value24":"17","resultCode":"","resultMsg":"","rnum":0,"serviceKey":"","sidoName":"","so2Grade":"1","so2Value":"0.005","stationCode":"","stationName":"광진구","totalCount":"","ver":""},{"_returnType":"json","coGrade":"1","coValue":"0.3","dataTerm":"","dataTime":"2018-07-05 15:00","khaiGrade":"1","khaiValue":"43","mangName":"도시대기","no2Grade":"1","no2Value":"0.012","numOfRows":"10","o3Grade":"1","o3Value":"0.018","pageNo":"1","pm10Grade":"1","pm10Grade1h":"1","pm10Value":"25","pm10Value24":"16","pm25Grade":"1","pm25Grade1h":"2","pm25Value":"25","pm25Value24":"13","resultCode":"","resultMsg":"","rnum":0,"serviceKey":"","sidoName":"","so2Grade":"1","so2Value":"0.004","stationCode":"","stationName":"성동구","totalCount":"","ver":""},{"_returnType":"json","coGrade":"1","coValue":"0.2","dataTerm":"","dataTime":"2018-07-05 15:00","khaiGrade":"1","khaiValue":"50","mangName":"도로변대기","no2Grade":"1","no2Value":"0.022","numOfRows":"10","o3Grade":"1","o3Value":"0.016","pageNo":"1","pm10Grade":"1","pm10Grade1h":"1","pm10Value":"21","pm10Value24":"25","pm25Grade":"1","pm25Grade1h":"1","pm25Value":"14","pm25Value24":"15","resultCode":"","resultMsg":"","rnum":0,"serviceKey":"","sidoName":"","so2Grade":"1","so2Value":"0.002","stationCode":"","stationName":"강변북로","totalCount":"","ver":""},{"_returnType":"json","coGrade":"1","coValue":"0.8","dataTerm":"","dataTime":"2018-07-05 15:00","khaiGrade":"2","khaiValue":"51","mangName":"도시대기","no2Grade":"1","no2Value":"0.018","numOfRows":"10","o3Grade":"1","o3Value":"0.021","pageNo":"1","pm10Grade":"1","pm10Grade1h":"1","pm10Value":"24","pm10Value24":"17","pm25Grade":"2","pm25Grade1h":"2","pm25Value":"20","pm25Value24":"16","resultCode":"","resultMsg":"","rnum":0,"serviceKey":"","sidoName":"","so2Grade":"1","so2Value":"0.007","stationCode":"","stationName":"중랑구","totalCount":"","ver":""}],"parm":{"_returnType":"json","coGrade":"","coValue":"","dataTerm":"","dataTime":"","khaiGrade":"","khaiValue":"","mangName":"","no2Grade":"","no2Value":"","numOfRows":"10","o3Grade":"","o3Value":"","pageNo":"1","pm10Grade":"","pm10Grade1h":"","pm10Value":"","pm10Value24":"","pm25Grade":"","pm25Grade1h":"","pm25Value":"","pm25Value24":"","resultCode":"","resultMsg":"","rnum":0,"serviceKey":"IRQXxLsPnSjL0QMQtCNavq9YiuyyOFe1Bs8NsgESLaP6O+d4qHufr1JnpK/vmupHoBuMVqM6Pd2ZpmEzuXcWIg==","sidoName":"서울","so2Grade":"","so2Value":"","stationCode":"","stationName":"","totalCount":"","ver":"1.3"},"ArpltnInforInqireSvcVo":{"_returnType":"json","coGrade":"","coValue":"","dataTerm":"","dataTime":"","khaiGrade":"","khaiValue":"","mangName":"","no2Grade":"","no2Value":"","numOfRows":"10","o3Grade":"","o3Value":"","pageNo":"1","pm10Grade":"","pm10Grade1h":"","pm10Value":"","pm10Value24":"","pm25Grade":"","pm25Grade1h":"","pm25Value":"","pm25Value24":"","resultCode":"","resultMsg":"","rnum":0,"serviceKey":"IRQXxLsPnSjL0QMQtCNavq9YiuyyOFe1Bs8NsgESLaP6O+d4qHufr1JnpK/vmupHoBuMVqM6Pd2ZpmEzuXcWIg==","sidoName":"서울","so2Grade":"","so2Value":"","stationCode":"","stationName":"","totalCount":"","ver":"1.3"},"totalCount":39}